,1.333446081,0.43,0.005733818148
,-3.261145574,0.43,-0.01402292597
,48.92580364,0.32,0.1565625716
,9.512674337,0.39,0.03709942991
,18.32224789,0.32,0.05863119325
,-6.890187429,0.24,-0.01653644983
,55.06337276,0.15,0.08259505914
,42.17940986,0.32,0.1349741116
,63.99802391,0.39,0.2495922932
,68.1786544,0.32,0.2181716941
,8.906349588,,0
,24.67242686,0.76,0.1875104441
,61.41435374,0.48,0.294788898
,60.98812328,0.57,0.3476323027
,62.92075218,0.49,0.3083116857
,50.99184894,0.17,0.0866861432
,6.405229915,0.32,0.02049673573
,101.2203874,0.30,0.3036611622
,46.94357197,0.31,0.1455250731
,35.23954796,1.45,0.5109734454
,80.23364831,0.36,0.2888411339
,76.19636083,0.78,0.5943316145
,145.1348088,0.54,0.7837279675
,51.2217992,0.23,0.1178101382
,10.15973909,0.45,0.04571882591
,112.8608589,0.40,0.4514434356
,60.3679856,1.05,0.6338638488
,50.06194279,0.55,0.2753406853
,50.06194279,0.19,0.0951176913
,9.548099721,0.33,0.03150872908
,18.95303997,1.28,0.2425989116
,45.86138968,0.52,0.2384792263
,46.32718261,0.24,0.1111852383
,15.27782567,0.16,0.02444452107
,50.21111152,0.36,0.1807600015
,2.495524956,0.36,0.008983889842
,119.7969193,0.62,0.7427408997
,1.222527522,0.24,0.002934066053
,8.750651335,0.57,0.04987871261
,-6.68719319,0.43,-0.02875493072
,8.273634827,1.39,0.1150035241
,60.14273531,0.39,0.2345566677
,43.76467471,0.39,0.1706822314
,98.68129962,,0
,46.07761452,,0
,120.1785187,,0
,48.80937599,,0
,48.80937599,0.89,0.4344034463
,7.536244264,1.05,0.07913056477
,52.25974993,0.40,0.2090389997
,44.09715559,0.38,0.1675691912
,45.50078213,0.75,0.341255866
,2.707611446,0.21,0.005685984037
,0.601571671,0.84,0.005053202036
,-3.079813442,0.57,-0.01755493662
,0.446985764,0.38,0.001698545903
,4.43145397,0.39,0.01728267048
,-0.694551479,0.38,-0.00263929562
,-3.741701414,0.38,-0.01421846537
,6.53749867,0.38,0.02484249495
,2.905712859,0.40,0.01162285144
,-4.137209935,0.43,-0.01779000272
,-2.690164972,0.40,-0.01076065989
,3.715269789,0.38,0.0141180252
,-1.147133504,0.39,-0.004473820666
,-1.249272432,0.44,-0.005496798701
,-5.042218096,0.40,-0.02016887238
,1.159054111,0.40,0.004636216444
,-5.430841887,0.44,-0.0238957043
,6.902398916,0.39,0.02691935577
,-0.689937448,0.38,-0.002621762302
,-1.358267707,0.39,-0.005297244057
,0.986682303,0.41,0.004045397442
,-2.62576022,0.76,-0.01995577767
,5.782691081,0.38,0.02197422611
,3.655079856,0.39,0.01425481144
,5.109202904,0.40,0.02043681162
,1.608591987,0.88,0.01415560949
,-4.035192503,0.41,-0.01654428926
,-2.213999643,0.37,-0.008191798679
,-0.015775987,0.39,-0.0000615263493
,-1.549427327,0.41,-0.006352652041
,-0.857588098,0.39,-0.003344593582
,6.517578536,0.38,0.02476679844
,4.016450713,0.38,0.01526251271
,2.87765456,0.38,0.01093508733
,9.664983306,0.39,0.03769343489
,3.573361653,0.37,0.01322143812
,2.588125494,0.39,0.01009368943
,-4.257960978,0.38,-0.01618025172
,3.084274898,0.38,0.01172024461
,-2.451686475,0.38,-0.009316408605
,7.46945426,0.38,0.02838392619
,-7.27354225,0.38,-0.02763946055
,-11.37479799,0.44,-0.05004911116
,-4.375244592,0.43,-0.01881355175
,-0.980064184,0.45,-0.004410288828
,0.378792528,0.39,0.001477290859
,-4.685906175,0.40,-0.0187436247
,1.273323835,0.38,0.004838630573
,-8.320511898,0.48,-0.03993845711
,-7.696723376,0.45,-0.03463525519
,-13.4390828,0.39,-0.05241242292
,-0.343199607,0.47,-0.001613038153
,-7.14240142,0.50,-0.0357120071
,3.953740988,0.51,0.02016407904
,1.341432666,0.38,0.005097444131
,6.009350171,0.41,0.0246383357
,-1.01058479,0.37,-0.003739163723
,-2.537571762,0.53,-0.01344913034
,2.329432381,0.58,0.01351070781
,2.144022485,0.38,0.008147285443
,4.464731211,0.39,0.01741245172
,2.111923395,0.38,0.008025308901
,2.421540274,0.37,0.008959699014
,-1.125665005,0.33,-0.003714694517
,-4.073477541,0.38,-0.01547921466
,,0.37,0
,,0.47,0
,155.6078005,0.54,0.8402821227
,55.69422735,0.47,0.2617628685
,54.19877748,0.65,0.3522920536
,8.229330544,3.24,0.2666303096
,44.27055462,1.21,0.5356737109
,16.36176359,0.44,0.0719917598
,18.81595995,0.50,0.09407979975
,29.9969595,0.37,0.1109887502
,45.84332487,0.51,0.2338009568
,31.46758576,1.22,0.3839045463
,39.15796162,0.42,0.1644634388
,51.64616765,1.06,0.5474493771
,-5.400054556,0.39,-0.02106021277
,5.810067529,0.32,0.01859221609
,92.19431031,0.46,0.4240938274
,123.5635018,0.51,0.6301738592
,102.5197473,0.46,0.4715908376
,76.25643843,0.48,0.3660309045
,39.45428696,0.29,0.1144174322
,225.6020911,0.97,2.188340284
,119.2303745,0.73,0.8703817339
,80.60705942,0.42,0.3385496496
,19.53296217,0.76,0.1484505125
,10.90229073,0.50,0.05451145365
,77.65948121,0.77,0.5979780053
,46.94963508,0.88,0.4131567887
,59.50086432,0.84,0.4998072603
,-3.560828691,0.40,-0.01424331476
,33.00586884,0.44,0.1452258229
,17.67985995,0.31,0.05480756585
,13.9300669,0.37,0.05154124753
,7.881675718,0.41,0.03231487044
,-5.034960647,0.42,-0.02114683472
,1.390038544,0.44,0.006116169594
,-7.469289677,0.42,-0.03137101664
,4.981510612,0.54,0.0269001573
,-9.230447686,0.39,-0.03599874598
,2.49413467,0.41,0.01022595215
,-2.440106195,0.39,-0.009516414161
,1.620838076,0.39,0.006321268496
,1.920398159,0.40,0.007681592636
,5.123646019,0.40,0.02049458408
,-1.03749619,0.40,-0.00414998476
,7.933850646,0.39,0.03094201752
,-3.09398378,0.40,-0.01237593512
,-4.534938201,0.48,-0.02176770336
,-5.98130025,0.38,-0.02272894095
,-0.815266022,0.39,-0.003179537486
,9.319750442,0.38,0.03541505168
,0.523989269,0.37,0.001938760295
,-0.407295475,0.39,-0.001588452353
,0.10521209,0.40,0.00042084836
,2.046571293,0.98,0.02005639867
,-5.01566111,0.38,-0.01905951222
,0.994051151,0.38,0.003777394374
,-5.774272965,0.38,-0.02194223727
,-1.082198301,0.38,-0.004112353544
,-10.3257302,0.38,-0.03923777476
,-2.406561277,0.38,-0.009144932853
,-0.92218722,0.38,-0.003504311436
,34.09928919,0.39,0.1329872278
,38.00146011,1.32,0.5016192735
,38.04857236,0.62,0.2359011486
,92.34303366,0.45,0.4155436515
,60.90193171,1.59,0.9683407142
,34.70969192,0.25,0.0867742298
,46.25051129,0.45,0.2081273008
,80.19409816,0.39,0.3127569828
,42.30427792,0.23,0.09729983922
,-6.757331607,0.38,-0.02567786011
,98.2699619,0.30,0.2948098857
,106.1021931,1.20,1.273226317
,113.1249739,0.45,0.5090623826
,14.38962076,0.52,0.07482602795
,198.1161201,1.10,2.179277321
,218.5884816,1.02,2.229602512
,-2.683360589,0.38,-0.01019677024
,25.79824027,0.20,0.05159648054
,23.91382013,0.29,0.06935007838
,134.2026181,1.58,2.120401366
,22.7641823,1.99,0.4530072278
,54.54747318,1.44,0.7854836138
,158.4467424,1.45,2.297477765
,97.33587809,0.98,0.9538916053
,32.11718757,1.08,0.3468656258
,38.11892039,0.70,0.2668324427
,63.27996156,0.52,0.3290558001
,38.50495201,0.27,0.1039633704
,112.6383386,1.60,1.802213418
,183.4201828,0.81,1.485703481
,41.59423887,0.27,0.1123044449
,83.57424361,0.33,0.2757950039
,40.80467106,0.26,0.1060921448
,35.39449821,0.39,0.138038543
,102.3480369,0.47,0.4810357734
,40.67618817,0.40,0.1627047527
,7.213828872,0.38,0.02741254971
,181.7257996,0.59,1.072182218
,179.0017025,1.46,2.613424857
,104.8101255,2.03,2.127645548
,15.61679847,0.71,0.1108792691
,173.1832061,1.11,1.922333588
,29.74186569,0.69,0.2052188733
,-6.145603115,0.36,-0.02212417121
,100.4646562,2.22,2.230315368
,107.7142062,2.95,3.177569083
,83.64688719,0.93,0.7779160509
,191.0872698,1.08,2.063742514
,44.40133214,0.61,0.2708481261
,18.92765645,0.42,0.07949615709
,95.41969957,0.83,0.7919835064
,26.88523432,0.53,0.1424917419
,26.88523432,5.26,1.414163325
,31.40638091,0.44,0.138188076
,75.85694739,1.84,1.395767832
,75.85694739,0.48,0.3641133475
,145.5627336,1.23,1.790421623
,145.5627336,2.38,3.46439306
,55.60046696,1.78,0.9896883119
,181.0598448,2.02,3.657408865
,166.3345864,3.07,5.106471802
,29.89551522,1.15,0.343798425
,195.7840626,1.01,1.977419032
,104.9215354,3.13,3.284044058
,58.02178263,0.89,0.5163938654
,171.4937654,0.26,0.44588379
,33.0842121,0.37,0.1224115848
,33.0842121,1.36,0.4499452846
,112.5470627,0.62,0.6977917887
,42.73658794,0.35,0.1495780578
,21.59079346,1.84,0.3972705997
,89.49634355,4.64,4.152630341
,46.48536337,3.21,1.492180164
,13.17269628,1.29,0.169927782
,191.877091,2.05,3.933480366
,57.30270206,2.70,1.547172956
,32.57324747,1.08,0.3517910727
,79.38267563,1.57,1.246308007
,38.59873166,0.38,0.1466751803
,0.190848408,2.12,0.00404598625
,126.7320087,1.26,1.59682331
,85.16519067,0.37,0.3151112055
,-4.530217004,0.69,-0.03125849733
,51.0827866,3.70,1.890063104
,46.48607615,0.37,0.1719984818
,-3.616439767,0.39,-0.01410411509
,19.68281427,0.37,0.0728264128
,-2.309259816,1.63,-0.037640935
,111.3638388,0.40,0.4454553552
,18.57318455,1.25,0.2321648069
,18.05124086,2.09,0.377270934
,155.6786926,1.13,1.759169226
,130.9604544,6.13,8.027875855
,10.81267466,2.01,0.2173347607
,143.7296496,1.80,2.587133693
,45.14625079,3.02,1.363416774
,34.90553414,1.31,0.4572624972
,184.7232724,0.38,0.7019484351
,0.617170891,0.49,0.003024137366
,24.23715889,1.37,0.3320490768
,124.7865224,0.27,0.3369236105
,22.23146517,0.37,0.08225642113
,1.281350658,2.91,0.03728730415
,118.3825989,4.21,4.983907414
,23.7876236,0.73,0.1736496523
,44.76706786,5.10,2.283120461
,27.19109451,0.37,0.1006070497
,-0.138740334,0.37,-0.0005133392358
,-0.138740334,2.35,-0.003260397849
,39.52715884,0.58,0.2292575213
,39.52715884,0.37,0.1462504877
,-8.961692793,1.54,-0.138010069
,42.14349735,0.37,0.1559309402
,0.633806179,0.38,0.00240846348
,-1.826888385,1.39,-0.02539374855
,53.12207209,0.37,0.1965516667
,-9.168953066,0.38,-0.03484202165
,0.679950398,1.38,0.009383315492
,36.26573991,0.37,0.1341832377
,2.698678235,0.37,0.00998510947
,4.384764831,1.20,0.05261717797
,88.78289958,0.38,0.3373750184
,-5.711729499,2.28,-0.1302274326
,39.14142398,3.36,1.315151846
,25.96052155,0.39,0.101246034
,10.07898092,3.98,0.4011434406
,52.83131418,0.31,0.163777074
,28.44959454,1.94,0.5519221341
,48.43861613,2.00,0.9687723226
,157.39961,1.04,1.636955944
,16.77546317,0.38,0.06374676005
,7.740484935,1.27,0.09830415867
,130.3562342,0.42,0.5474961836
,38.14052299,0.35,0.1334918305
,23.03310208,1.50,0.3454965312
,129.748793,0.37,0.4800705341
,-2.690238614,0.37,-0.009953882872
,6.517107593,2.45,0.159669136
,9.775805038,0.41,0.04008080066
,3.531037261,0.48,0.01694897885
,0.026432479,0.29,0.0000766541891
,-3.030372028,2.89,-0.08757775161
-0.13184,33.13306747,1.56,0.5168758525
-0.0353722,9.824521105,0.37,0.03635072809
-0.0612539,28.85386489,1.00,0.2885386489
-0.11537,36.94211334,1.85,0.6834290968
-0.0259607,36.94211334,0.38,0.1403800307
-0.110664,21.8239776,0.67,0.1462206499
-0.021255,-2.633246584,0.38,-0.01000633702
-0.0236078,1.345736351,0.38,0.005113798134
-0.183604,29.33096761,1.24,0.3637039984
-0.0259607,-1.177560204,0.58,-0.006829849183
-0.120076,36.8381691,1.24,0.4567932968
-0.433009,23.39690434,1.69,0.3954076833
-0.0236078,-7.296281262,0.37,-0.02699624067
-0.0706654,32.66026963,1.35,0.44091364
-0.0353722,7.374271728,0.87,0.06415616403
-0.0259607,-2.558784818,0.40,-0.01023513927
-0.280072,29.15211096,1.02,0.2973515318
-0.0447838,2.145477616,1.03,0.02209841944
-0.021255,-4.275751188,0.37,-0.0158202794
-0.0447838,35.92679933,0.98,0.3520826334
-0.0989,3.297578441,3.44,0.1134366984
-0.350658,83.23340575,1.04,0.8656274198
-0.040078,14.98488322,1.28,0.1918065052
-0.0236078,-9.32495381,0.38,-0.03543482448
-0.193015,18.88369053,1.66,0.3134692628
-0.0236078,-2.82556955,0.39,-0.01101972125
-0.021255,-9.098164554,0.37,-0.03366320885
-0.127135,24.89437291,1.14,0.2837958512
-0.0189021,7.890949585,0.38,0.02998560842
-0.0283136,8.975677041,0.37,0.03321000505
-0.0636068,7.97914791,2.82,0.2250119711
-0.0259607,3.34018908,0.37,0.0123586996
-0.315365,19.58030497,5.37,1.051462377
-0.0330194,14.3209458,0.39,0.05585168862
-0.0236078,-1.728656453,0.37,-0.006396028876
-0.105959,35.03181609,1.30,0.4554136092
-0.0918413,34.44760369,0.66,0.2273541844
-0.0236078,3.750711006,0.38,0.01425270182
-0.0259607,18.43867945,0.24,0.04425283068
-0.0236078,3.848639891,0.38,0.01462483159
-0.021255,5.987578412,0.36,0.02155528228
-0.0447838,16.36748692,0.81,0.1325766441
-0.0236078,7.527415026,0.37,0.0278514356
-0.0565482,13.32962561,0.37,0.04931961476
-0.021255,-1.380772711,1.36,-0.01877850887
-0.0259607,-0.655544478,0.37,-0.002425514569
-0.021255,9.390574161,0.38,0.03568418181
-0.0259607,-3.924404921,0.47,-0.01844470313
-0.0283136,-1.902391061,0.30,-0.005707173183
-1.34593,44.27679744,2.81,1.244178008
-0.0447838,-1.473876729,1.80,-0.02652978112
-0.021255,-1.640685319,0.43,-0.007054946872
-0.0683126,-16.74652595,0.57,-0.09545519792
-0.0259607,1.908402069,0.38,0.007251927862
-0.141252,41.59968884,1.36,0.5657557682
-0.185957,-0.067244765,4.49,-0.003019289949
-0.0330194,11.14110085,0.37,0.04122207315
-0.235367,15.60668916,2.02,0.315255121
-0.814175,29.4340109,4.06,1.195020843
-0.0259607,3.823500274,0.37,0.01414695101
-0.058901,29.1923069,0.79,0.2306192245
-0.0236078,0.62285634,0.37,0.002304568458
-0.0306665,5.829895958,0.38,0.02215360464
-0.0259607,9.841808178,0.46,0.04527231762
-0.174192,-7.804556889,3.90,-0.3043777187
-0.141252,13.80342181,2.55,0.3519872562
-0.0989,4.203290035,2.27,0.09541468379
-0.0259607,10.39699764,0.37,0.03846889127
-0.164781,20.02846938,2.85,0.5708113773
-0.0353722,-1.505989823,0.60,-0.009035938938
-0.0259607,-2.83025234,0.40,-0.01132100936
-0.265954,10.10424861,3.79,0.3829510223
-0.134193,14.96333422,4.16,0.6224747036
-0.0236078,-3.379707957,0.38,-0.01284289024
-0.320071,21.44928966,5.30,1.136812352
-0.0236078,6.448302736,0.37,0.02385872012
-0.0989,31.47964161,1.19,0.3746077352
-0.36007,15.94709145,5.94,0.9472572321
-0.0236078,1.004031276,0.37,0.003714915721
-0.296542,60.19023665,1.17,0.7042257688
-0.0259607,1.402250653,0.38,0.005328552481
-0.0259607,5.383288212,0.38,0.02045649521
-0.0424309,12.13115883,0.60,0.07278695298
-0.0518424,17.31935829,0.54,0.09352453477
-0.0189021,0.66672929,0.38,0.002533571302
-0.0306665,-8.411212003,0.64,-0.05383175682
-0.11537,10.98696468,3.00,0.3296089404
-0.0236078,0.248233801,0.37,0.0009184650637
-0.0918413,11.29382596,1.70,0.1919950413
-0.0259607,-3.41529706,0.38,-0.01297812883
-0.138899,22.45121631,2.00,0.4490243262
-0.105959,22.45121631,1.14,0.2559438659
-0.0306665,-0.228248901,0.35,-0.0007988711535
-0.207132,29.5956751,1.49,0.440975559
-0.0730183,15.37861472,1.19,0.1830055152
-0.021255,1.433584586,0.38,0.005447621427
-0.0236078,,0.37,0
-0.0471366,,2.58,0
-0.0236078,7.240416341,0.37,0.02678954046
-0.127135,132.665164,0.81,1.074587828
-0.0259607,1.280246491,0.37,0.004736912017
-0.0918413,98.81104268,0.76,0.7509639244
-0.0236078,-5.10545701,0.38,-0.01940073664
-0.0306665,5.828712021,0.37,0.02156623448
-0.0236078,-7.924074742,0.37,-0.02931907655
-0.021255,6.894864732,0.38,0.02620048598
-2.16002,38.58958314,4.70,1.813710408
-0.0236078,3.9994453,0.37,0.01479794761
-0.0824298,7.993019572,2.65,0.2118150187
-0.0306665,3.607814263,0.38,0.0137096942
-0.0471366,0.72263399,0.54,0.003902223546
-0.021255,5.8396602,0.38,0.02219070876
-0.021255,-4.656398491,0.37,-0.01722867442
-0.0189021,-6.877962809,0.43,-0.02957524008
-0.0259607,6.402551615,0.38,0.02432969614
-0.021255,-1.924814592,0.39,-0.007506776909
-0.021255,-2.623028915,0.35,-0.009180601203
-0.0259607,-0.510203571,0.43,-0.002193875355
-0.0236078,3.708296613,0.38,0.01409152713
-0.0236078,-5.816080074,0.39,-0.02268271229
-0.0259607,2.233159996,0.39,0.008709323984
-0.021255,-1.973952685,0.38,-0.007501020203
-0.0189021,9.627456033,0.42,0.04043531534
-0.0189021,7.920370032,0.38,0.03009740612
-0.021255,1.331353899,0.42,0.005591686376
-0.021255,-7.942777085,0.38,-0.03018255292
-0.0236078,4.106880162,0.44,0.01807027271
-0.0259607,0.505358324,0.37,0.001869825799
-0.0189021,-8.064762224,0.51,-0.04113028734
-0.0283136,0.0445791,0.37,0.00016494267
-0.0236078,6.986699166,0.38,0.02654945683
-0.0306665,14.75264618,0.61,0.0899911417
-0.0236078,1.510843026,0.37,0.005590119196
-0.0636068,42.56830635,0.57,0.2426393462
-0.355364,46.03751055,2.27,1.045051489
-3.43528,81.58464832,2.90,2.365954801
-0.357717,56.07169994,2.13,1.194327209
-0.915349,74.17919258,1.71,1.268464193
-0.0259607,0.438420231,0.39,0.001709838901
-0.0259607,-5.920088402,0.38,-0.02249633593
-0.021255,7.76272152,0.38,0.02949834178
-2.53648,84.6745716,2.22,1.87977549
-0.955348,41.39434608,3.23,1.337037378
-0.0424309,13.21236915,0.39,0.05152823969
-0.021255,0.045247257,0.37,0.0001674148509
-0.571829,26.44418031,1.81,0.4786396636
-0.0353722,-3.550987577,0.83,-0.02947319689
-0.021255,11.47720699,0.37,0.04246566586
-0.021255,-7.559722176,1.41,-0.1065920827
-0.157722,32.92355876,2.29,0.7539494956
-0.0824298,8.965118809,0.37,0.03317093959
-0.0236078,8.965118809,2.73,0.2447477435
-0.463596,40.58142032,1.12,0.4545119076
-0.0753712,24.21512167,2.75,0.6659158459
-0.710649,55.98464264,0.38,0.212741642
-0.058901,26.33111922,0.95,0.2501456326
-0.0471366,34.5748617,1.50,0.5186229255
-4.22114,207.7003197,1.04,2.160083325
-0.101253,39.99752643,2.31,0.9239428605
-0.623592,50.13530946,2.27,1.138071525
-1.27534,91.56077062,0.36,0.3296187742
-0.0236078,-2.005667998,0.37,-0.007420971593
-0.0283136,-2.422312177,1.05,-0.02543427786
-0.058901,19.27323875,3.12,0.601325049
-0.160075,6.507837315,0.38,0.0247297818
-0.040078,3.73226934,1.94,0.0724060252
-2.57648,122.7797168,0.40,0.4911188672
,6.510269593,0.37,0.02408799749
,2.947397511,1.66,0.04892679868
,48.4122471,0.33,0.1597604154
,7.445301564,0.89,0.06626318392
,34.32496997,0.72,0.2471397838
,28.22735052,0.38,0.107263932
,7.832580059,2.23,0.1746665353
,7.609498104,1.20,0.09131397725
,41.92629929,0.38,0.1593199373
,-4.55166528,1.28,-0.05826131558
,53.98594843,0.38,0.205146604
,0.742035041,0.37,0.002745529652
,-4.283321631,1.12,-0.04797320227
,35.22595664,0.39,0.1373812309
,2.177286292,0.38,0.00827368791
,-3.22110544,1.89,-0.06087889282
,84.17580931,0.37,0.3114504944
,-3.956903951,0.37,-0.01464054462
,-0.447317724,1.42,-0.006351911681
,24.19408483,0.42,0.1016151563
,-7.135266286,0.36,-0.02568695863
,-8.045123459,0.73,-0.05872940125
,25.03366168,0.38,0.09512791438
,-10.92866935,1.29,-0.1409798346
,49.04627701,0.85,0.4168933546
,81.50539753,0.38,0.3097205106
,-2.979860412,2.84,-0.0846280357
,32.57262181,2.11,0.6872823202
,23.55226702,0.38,0.08949861468
,23.55226702,0.89,0.2096151765
,33.5963745,1.70,0.5711383665
,4.545535894,0.37,0.01681848281
,-6.855708013,3.26,-0.2234960812
,41.3027805,0.38,0.1569505659
,-0.96559984,0.38,-0.003669279392
,-4.305210094,4.53,-0.1950260173
,17.77960715,4.15,0.7378536967
,8.973730008,2.22,0.1992168062
,45.36694018,0.73,0.3311786633
,4.967451957,1.24,0.06159640427
,4.599714485,1.02,0.04691708775
,56.03600602,0.35,0.1961260211
,8.500509278,0.38,0.03230193526
,5.908506337,1.95,0.1152158736
,10.37377209,3.43,0.3558203827
,16.37344402,0.37,0.06058174287
,-6.743939781,0.77,-0.05192833631
,35.48208726,1.67,0.5925508572
,42.2686337,0.36,0.1521670813
,-7.736070473,3.69,-0.2854610005
,22.25389788,1.54,0.3427100274
,34.32387252,0.38,0.1304307156
,2.011156419,0.22,0.004424544122
,17.60133661,1.10,0.1936147027
,37.14943342,1.84,0.6835495749
,110.9640188,1.09,1.209507805
,90.83767496,0.42,0.3815182348
,3.983602881,1.15,0.04581143313
,175.7330148,1.95,3.426793789
,29.00384654,0.42,0.1218161555
,0.967277441,0.66,0.006384031111
,14.94211863,1.40,0.2091896608
,81.92883186,0.38,0.3113295611
,-4.739207225,0.58,-0.02748740191
,33.11157024,6.23,2.062850826
-0.494184,19.70550125,0.52,0.1024686065
-0.0894885,16.50562964,2.71,0.4473025632
-0.381245,49.36287576,0.78,0.3850304309
-0.0541953,29.49163387,0.37,0.1091190453
-0.0236078,-5.495456973,2.18,-0.119800962
-0.484772,59.94642509,0.26,0.1558607052
-0.0730183,18.1283634,0.85,0.1540910889
-0.235367,49.70210668,4.20,2.087488481
-0.289483,20.52517279,0.37,0.07594313932
-0.0283136,1.71660027,1.28,0.02197248346
-0.708296,135.6325757,0.40,0.5425303028
-0.0330194,2.597629561,0.38,0.009870992332
-0.0353722,2.597629561,2.01,0.05221235418
-0.058901,2.597629561,0.38,0.009870992332
-0.0541953,6.339140166,0.37,0.02345481861
-0.0283136,-2.527363386,2.48,-0.06267861197
-0.258896,6.060737532,,0
,,0.40,0
,,0.45,0
,,0.38,0
,,2.10,0
,,0.77,0
,,2.80,0
,,2.59,0
,,2.52,0
,,0.38,0
,,1.80,0
,,1.55,0
,,2.95,0
,,0.87,0
,,1.32,0
,,3.88,0
,,1.95,0
,,3.05,0
,,0.90,0
,,0.37,0
,,0.39,0
,,2.15,0
,,0.69,0
,,1.39,0
,,1.77,0
,,0.80,0
,,0.97,0
,,0.80,0
,,1.25,0
,,2.66,0
,,1.46,0
,,2.16,0
,,0.72,0
,,1.91,0
,,2.64,0
,,3.92,0
,,0.67,0
,,0.64,0
,,0.93,0
,,0.72,0
,,2.59,0
,,0.53,0
,,1.06,0
,,2.31,0
,,2.77,0
,,1.59,0
,88.31537398,1.46,1.28940446
,170.1750943,0.61,1.038068075
,71.97495745,2.61,1.878546389
,181.1383119,1.00,1.811383119
,171.0417031,0.92,1.573583669
,214.9502821,1.37,2.944818865
,87.08291683,3.18,2.769236755
,234.6597518,1.36,3.191372624
,182.445796,0.53,0.9669627188
,163.490076,1.44,2.354257094
,266.8393374,0.53,1.414248488
,170.6890086,1.50,2.560335129
,238.6617674,0.89,2.12408973
,197.9303981,2.09,4.13674532
,76.33404646,3.81,2.90832717
,120.6983278,0.37,0.4465838129
,142.9637549,0.91,1.30097017
,182.4819937,0.71,1.295622155
,234.8420938,0.67,1.573442028
,164.5927498,1.07,1.761142423
,169.8426938,0.71,1.205883126
,125.5125042,0.94,1.179817539
,237.2843832,0.82,1.945731942
,114.6010201,0.98,1.123089997
,173.001442,0.85,1.470512257
,121.816716,1.28,1.559253965
,62.6333087,1.71,1.071029579
,199.1465796,1.73,3.445235827
,147.8948555,1.48,2.188843861
,166.9433075,0.78,1.302157799
,183.7820958,0.48,0.8821540598
,114.4711931,1.51,1.728515016
,231.2362041,0.90,2.081125837
,203.6843954,2.23,4.542162017
,233.9197456,0.67,1.567262296
,132.4708043,0.50,0.6623540215
,63.35975235,1.86,1.178491394
,157.1184763,0.64,1.005558248
,162.1950451,1.61,2.611340226
,224.372197,0.61,1.368670402
,207.6016182,1.59,3.300865729
,124.4683547,1.75,2.178196207
,147.5230246,0.71,1.047413475
,180.442995,1.08,1.948784346
,177.9546454,0.75,1.334659841
,170.5934356,1.96,3.343631338
,97.11686935,1.12,1.087708937
,234.5039331,1.69,3.963116469
,213.2783751,1.88,4.009633452
,240.9994771,1.03,2.482294614
,182.0042312,0.83,1.510635119
,8.946675964,7.41,0.6629486889
,155.2707835,0.50,0.7763539175
,80.87620336,0.82,0.6631848676
,198.3642712,2.30,4.562378238
,121.798685,1.07,1.30324593
,72.45728286,2.31,1.673763234
,181.7158668,0.88,1.599099628
,140.4914865,0.72,1.011538703
,154.8438946,1.13,1.749736009
,148.9438848,1.18,1.757537841
,88.41763856,0.91,0.8046005109
,233.912088,0.62,1.450254946
,190.3729528,0.96,1.827580347
,86.7535846,1.09,0.9456140721
,156.6650544,1.16,1.817314631
,67.03697529,2.52,1.689331777
,202.0078873,0.59,1.191846535
,139.1185109,2.11,2.93540058
,139.1185109,1.19,1.65551028
,212.9732779,0.35,0.7454064727
,109.5579116,1.36,1.489987598
,137.9593341,0.71,0.9795112721
,185.5293242,3.00,5.565879726
,224.5564106,1.92,4.311483084
,224.5564106,0.81,1.818906926
,97.45475394,1.20,1.169457047
,165.9573487,1.45,2.406381556
,112.217064,0.60,0.673302384
,121.8704855,2.40,2.924891652
,107.6085725,1.21,1.302063727
,113.9849807,3.54,4.035068317
,170.6960961,0.43,0.7339932132
,130.2366693,0.67,0.8725856843
,5.187673255,3.39,0.1758621233
,165.1611914,1.36,2.246192203
,135.0027738,1.08,1.458029957
,210.1808432,0.34,0.7146148669
,175.9357498,1.11,1.952886823
,-5.894657125,0.93,-0.05482031126
,200.7396951,0.38,0.7628108414
,209.8632524,0.83,1.741864995
,1.138833735,2.71,0.03086239422
,140.0769107,0.69,0.9665306838
,58.53610388,1.99,1.164868467
,192.3046848,2.29,4.403777282
,89.22503547,0.74,0.6602652625
,121.8211386,1.08,1.315668297
,70.71796789,2.44,1.725518417
,169.5632608,0.93,1.576938325
,142.6797533,2.08,2.967738869
,246.4857564,1.35,3.327557711
,76.9306813,0.67,0.5154355647
,134.141895,1.40,1.87798653
,4.785793645,1.17,0.05599378565
,74.49817653,3.87,2.883079432
,81.8830783,0.30,0.2456492349
,72.08119867,0.84,0.6054820688
,225.2262171,1.16,2.612624118
,126.29166,1.08,1.363949928
,73.86741855,0.81,0.5983260903
,154.6552317,1.31,2.025983535
,167.82449,2.02,3.390054698
,150.6495016,1.39,2.094028072
,130.1185805,1.07,1.392268811
,-1.194280123,0.37,-0.004418836455
,73.18194847,1.10,0.8050014332
,44.09528276,12.27,5.410491195
,115.7345528,0.69,0.7985684143
,168.1670301,1.53,2.572955561
,70.37400996,3.62,2.547539161
,171.9577558,2.91,5.003970694
,12.22663339,12.26,1.498985254
,123.7558189,1.15,1.423191917
,214.7072574,1.06,2.275896928
,107.3659546,0.85,0.9126106141
,217.1169511,0.94,2.04089934
,95.23733876,1.25,1.190466735
,21.42341563,8.08,1.731011983
,157.4928158,1.13,1.779668819
,110.7400935,1.60,1.771841496
,122.5962871,0.92,1.127885841
,174.1445617,1.08,1.880761266
,-0.735322639,0.37,-0.002720693764
,161.167688,1.17,1.88566195
,37.66661765,0.57,0.2146997206
,102.5845159,1.68,1.723419867
,93.72134689,1.50,1.405820203
,2.058281928,0.38,0.007821471326
,111.9815809,2.38,2.665161625
,64.27462941,1.51,0.9705469041
,85.76360198,2.32,1.989715566
,85.44718924,3.37,2.879570277
,1.386799077,0.37,0.005131156585
,237.0485911,1.45,3.437204571
,120.0518538,2.79,3.349446721
,121.8903131,2.00,2.437806262
,42.71840273,0.66,0.281941458
,-3.957078582,0.38,-0.01503689861
,109.8106012,0.50,0.549053006
,122.497916,1.85,2.266211446
,185.0595969,0.67,1.239899299
,52.6510008,3.13,1.647976325
,-1.127948561,0.38,-0.004286204532
,91.33396919,2.38,2.173748467
,63.99224769,3.34,2.137341073
,3.848403907,0.38,0.01462393485
,136.0142454,2.32,3.155530493
,-2.081564781,0.38,-0.007909946168
,190.5738543,1.05,2.00102547
,68.88909776,1.48,1.019558647
,57.16291878,1.77,1.011783662
,80.3191164,1.89,1.5180313
,2.555534642,0.38,0.00971103164
,166.1565037,1.33,2.209881499
,45.61577133,0.87,0.3968572106
,-3.911847274,0.38,-0.01486501964
,94.88582076,2.02,1.916693579
,-2.553861644,0.37,-0.009449288083
,-0.247440468,0.39,-0.0009650178252
,75.15889927,3.36,2.525339015
,13.79581384,1.06,0.1462356267
,13.79581384,0.75,0.1034686038
,168.3515233,1.56,2.626283763
,112.9436928,0.38,0.4291860326
,-0.120288784,1.10,-0.001323176624
,135.6893642,0.96,1.302617896
,27.82374748,0.37,0.1029478657
,5.549375469,4.74,0.2630403972
,73.38228795,3.06,2.245498011
,10.57305311,1.18,0.1247620267
,194.8963356,1.94,3.780988911
,105.8631917,0.38,0.4022801285
,1.716866875,1.99,0.03416565081
,60.78634968,0.37,0.2249094938
,-0.483559116,0.94,-0.00454545569
,86.76576889,2.18,1.891493762
,127.6896484,0.38,0.4852206639
,-5.022794386,1.03,-0.05173478218
,179.5251242,0.82,1.472106018
,63.16759244,0.38,0.2400368513
,3.932391508,2.01,0.07904106931
,116.455731,7.57,8.815698837
,13.68602955,1.33,0.182024193
,148.4544456,2.20,3.265997803
,74.76758164,0.50,0.3738379082
,52.49228938,1.25,0.6561536173
,167.1104693,0.76,1.270039567
,72.58491425,0.38,0.2758226742
,5.641649199,4.34,0.2448475752
,88.16609512,0.37,0.3262145519
,1.005302618,2.40,0.02412726283
,260.8685788,0.38,0.9913005994
,-9.716022623,0.37,-0.03594928371
,7.768021528,1.27,0.09865387341
,106.9145665,13.02,13.92027656
,117.9883776,1.14,1.345067505
,19.19447795,0.24,0.04606674708
,177.1530635,1.27,2.249843906
,80.592566,0.67,0.5399701922
,18.84959831,0.28,0.05277887527
,50.81365886,9.53,4.842541689
,70.20413467,3.72,2.61159381
,156.0029684,0.79,1.23242345
,14.40492152,16.07,2.314870888
,4.092649133,0.38,0.01555206671
,180.87544,1.46,2.640781424
,0.734893458,0.38,0.00279259514
,-11.64803234,0.38,-0.04426252289
,106.5595177,0.33,0.3516464084
,8.262456852,0.27,0.0223086335
,152.0200639,1.56,2.371512997
,55.02679257,0.80,0.4402143406
,3.180535326,0.38,0.01208603424
,199.4364988,1.20,2.393237986
,71.62319508,2.08,1.489762458
,0.410885884,0.37,0.001520277771
,83.56433893,2.08,1.73813825
,26.93215502,0.24,0.06463717205
,-4.305397413,0.38,-0.01636051017
,47.09523923,4.20,1.978000048
,70.52406025,2.04,1.438690829
,159.7956577,2.20,3.515504469
,57.81022305,0.70,0.4046715614
,-8.978638653,0.37,-0.03322096302
,206.9761505,1.51,3.125339873
,-0.999643805,0.37,-0.003698682079
,23.55102886,0.27,0.06358777792
,96.28867584,1.98,1.906515782
,49.69960692,1.01,0.5019660299
,0.608431175,0.39,0.002372881583
,71.06012292,3.47,2.465786265
,-1.120721322,0.32,-0.00358630823
,127.8070396,1.73,2.211061785
,29.74898634,0.67,0.1993182085
,-5.770992116,0.38,-0.02192977004
,61.89464645,0.76,0.470399313
,76.73735496,1.81,1.388946125
,-1.129039781,0.37,-0.00417744719
,56.92466479,2.14,1.218187827
,-0.631769923,0.38,-0.002400725707
,0.915543536,0.37,0.003387511083
,81.26995533,1.75,1.422224218
,0.164610025,2.08,0.00342388852
,80.61318101,0.69,0.556230949
,12.650364,0.98,0.1239735672
,5.317228295,0.37,0.01967374469
,54.04931267,0.99,0.5350881954
,-0.150828343,0.37,-0.0005580648691
,-1.594527305,0.38,-0.006059203759
,70.0933474,1.79,1.254670918
,1.631640066,0.38,0.006200232251
,-1.039560862,0.37,-0.003846375189
,-5.977579978,9.27,-0.554121664
,0.458331773,0.38,0.001741660737
,99.03522051,0.60,0.5942113231
,59.93922416,2.95,1.768207113
,-3.856523372,0.38,-0.01465478881
,121.5357063,2.36,2.868242669
,59.88620142,1.51,0.9042816414
,8.979266116,0.37,0.03322328463
,79.62087265,2.27,1.807393809
,27.23179142,1.42,0.3866914382
,0.015394267,0.38,0.0000584982146
,124.8287031,1.48,1.847464806
,8.513705024,3.15,0.2681817083
,79.28593007,0.65,0.5153585455
,3.376816913,0.38,0.01283190427
,7.403233957,0.37,0.02739196564
,149.0524994,0.87,1.296756745
,2.653625357,2.28,0.06050265814
,-4.010680898,0.37,-0.01483951932
,90.69234681,0.62,0.5622925502
,86.96036619,2.28,1.982696349
,6.560756908,0.38,0.02493087625
,81.18129226,3.25,2.638391998
,2.461336891,0.37,0.009106946497
,126.5152162,1.95,2.467046716
,-5.728742801,0.35,-0.0200505998
,-11.08259689,0.40,-0.04433038756
,92.65111103,1.09,1.00989711
,3.542417945,0.40,0.01416967178
,8.646060329,0.38,0.03285502925
,131.8375481,1.48,1.951195712
,0.303188251,0.38,0.001152115354
,0.303188251,0.38,0.001152115354
,33.6621963,7.87,2.649214849
,2.581033007,0.38,0.009807925427
,-2.160814494,0.38,-0.008211095077
,57.81110013,4.19,2.422285095
,-12.65111547,5.99,-0.7578018167
,117.1620391,3.77,4.417008874
,119.3350133,1.10,1.312685146
,3.697112937,0.38,0.01404902916
,121.3373728,1.34,1.625920796
,2.130405613,0.37,0.007882500768
,5.488259012,0.38,0.02085538425
,5.488259012,0.38,0.02085538425
,0.614868421,0.37,0.002275013158
,3.164668705,0.38,0.01202574108
,56.49856745,2.59,1.463312897
,37.97148447,0.48,0.1822631255
,165.1799871,2.15,3.551369723
,40.51469703,2.06,0.8346027588
,9.564461602,0.38,0.03634495409
,120.4473607,1.15,1.385144648
,2.911903981,0.37,0.01077404473
,76.84228926,1.61,1.237160857
,-5.9479754,0.37,-0.02200750898
,63.9505677,0.58,0.3709132927
,8.869276723,0.25,0.02217319181
,39.55220178,0.85,0.3361937151
,-2.836977081,0.39,-0.01106421062
,0.680790048,0.79,0.005378241379
,4.940967663,0.40,0.01976387065
,2.049881066,0.30,0.006149643198
,-10.35305932,0.39,-0.04037693135
,0.403745885,0.42,0.001695732717
,-4.661039928,0.41,-0.0191102637
,7.709017923,0.45,0.03469058065
,7.299123755,0.37,0.02700675789
,10.49099986,0.45,0.04720949937
,6.969175524,0.38,0.02648286699
,-1.374348023,0.37,-0.005085087685
,-3.247689986,0.39,-0.01266599095
,-5.764064043,0.39,-0.02247984977
,-3.628788334,0.39,-0.0141522745
,-2.380581267,0.39,-0.009284266941
,-5.536597427,0.41,-0.02270004945
,12.31675037,0.74,0.09114395274
,122.3863421,1.09,1.334011129
,76.7989083,1.22,0.9369466813
,76.7989083,0.35,0.2687961791
,33.15712687,1.51,0.5006726157
,25.05931777,0.78,0.1954626786
,109.2562736,1.03,1.125339618
,99.381597,1.98,1.967755621
,104.1695388,0.24,0.2500068931
,28.90044125,5.15,1.488372724
,22.79277803,0.78,0.1777836686
,91.6185915,1.37,1.255174704
,8.253091995,7.98,0.6585967412
,55.04765156,1.51,0.8312195386
,94.88930937,1.65,1.565673605
,-5.992316358,0.39,-0.0233700338
,-6.944954632,2.12,-0.1472330382
,8.203891205,0.31,0.02543206274
,31.98028719,0.38,0.1215250913
,0.238862127,2.17,0.005183308156
,127.7505313,8.45,10.79491989
,26.24912043,0.38,0.09974665763
,-1.848867558,0.37,-0.006840809965
,-1.577366046,1.42,-0.02239859785
,64.80601786,1.91,1.237794941
,52.33683652,0.37,0.1936462951
,-3.361763604,0.38,-0.0127747017
,0.470161587,0.38,0.001786614031
,1.604870675,0.37,0.005938021498
,-4.649526197,0.37,-0.01720324693
,1.58603142,0.39,0.006185522538
,-1.613805674,0.39,-0.006293842129
,1.980825491,0.39,0.007725219415
,84.5316181,1.33,1.124270521
,2.449707652,0.37,0.009063918312
,136.4845712,1.26,1.719705597
,74.62908846,2.50,1.865727212
,10.91658817,3.36,0.3667973625
,29.02780969,3.11,0.9027648814
,9.076714426,2.57,0.2332715607
,-10.59413764,0.38,-0.04025772303
,77.19472789,0.58,0.4477294218
,11.51885249,0.29,0.03340467222
,73.226552,1.18,0.8640733136
,-7.228914694,0.38,-0.02746987584
,-0.711015722,0.38,-0.002701859744
,69.86605333,1.04,0.7266069546
,68.63169044,0.78,0.5353271854
,79.13881869,0.67,0.5302300852
,-4.633278407,0.38,-0.01760645795
,104.301278,1.65,1.720971087
,73.96278119,0.85,0.6286836401
,-2.2752658,0.38,-0.00864601004
,66.25699348,0.69,0.457173255
,57.50922036,12.56,7.223158077
,24.10491479,0.34,0.08195671029
,105.8916741,1.92,2.033120143
,51.56809315,1.06,0.5466217874
,-2.319438849,0.37,-0.008581923741
,106.1349203,1.29,1.369140472
,73.1435469,2.49,1.821274318
,-0.073174169,0.38,-0.0002780618422
,95.62442942,2.24,2.141987219
,78.61917437,1.73,1.360111717
,-3.574465359,0.39,-0.0139404149
,87.51683828,0.99,0.866416699
,43.90515312,3.42,1.501556237
,-9.635736346,0.37,-0.03565222448
,104.4717317,1.89,1.974515729
,-1.616532739,0.30,-0.004849598217
,49.45365966,0.33,0.1631970769
,60.54310508,2.94,1.779967289
,-0.498528698,0.37,-0.001844556183
,84.83077578,4.43,3.758003367
,84.45295506,4.53,3.825718864
,2.338109569,0.38,0.008884816362
,64.64894141,0.96,0.6206298375
,66.48556508,1.12,0.7446383289
,-1.897076531,0.38,-0.007208890818
,67.04129421,0.84,0.5631468714
,7.089228134,0.38,0.02693906691
,-4.458276316,0.37,-0.01649562237
,173.4777359,1.90,3.296076982
,-5.083759342,0.38,-0.0193182855
,1.171246126,0.36,0.004216486054
,31.63929091,5.70,1.803439582
,-1.76862797,0.36,-0.006367060692
,3.873760623,0.38,0.01472029037
,67.87100152,2.92,1.981833244
,-7.796326348,0.83,-0.06470950869
,-5.571278748,0.39,-0.02172798712
,65.83581654,5.90,3.884313176
,42.71250448,0.63,0.2690887782
,91.88120756,0.87,0.7993665058
,63.50972285,1.24,0.7875205633
,4.429931635,0.38,0.01683374021
,81.65627037,0.91,0.7430720604
,10.76849499,0.31,0.03338233447
,-4.815715197,0.37,-0.01781814623
,90.50873724,1.64,1.484343291
,-5.862975176,0.38,-0.02227930567
,3.225353417,0.41,0.01322394901
,47.48015948,1.58,0.7501865198
,11.5533235,3.98,0.4598222753
,8.909161114,0.37,0.03296389612
,50.35737733,1.05,0.528752462
,-2.154819269,2.35,-0.05063825282
,0.003806579,0.37,0.0000140843423
,67.90774969,0.75,0.5093081227
,-5.044545012,0.37,-0.01866481654
,0.290276609,0.39,0.001132078775
,84.31329562,1.68,1.416463366
,-3.011924991,0.39,-0.01174650746
,2.958643472,0.37,0.01094698085
,24.10368278,1.67,0.4025315024
,-6.844507314,0.37,-0.02532467706
,-4.125687389,0.37,-0.01526504334
,61.77534645,1.29,0.7969019692
,0.261182009,0.38,0.0009924916342
,79.66072782,3.36,2.676600455
,44.78417736,5.60,2.507913932
,-2.719903328,0.38,-0.01033563265
,-2.719903328,0.52,-0.01414349731
,73.45374049,0.79,0.5802845499
,37.68633179,0.38,0.1432080608
,9.768067635,0.81,0.07912134784
,86.15459326,0.34,0.2929256171
,-17.31760029,0.39,-0.06753864113
,-3.573354654,0.96,-0.03430420468
,90.980446,1.46,1.328314512
,15.21780878,0.37,0.05630589249
,-5.59215344,0.80,-0.04473722752
,173.3197404,0.38,0.6586150135
,-0.917743862,0.37,-0.003395652289
,74.63074962,0.28,0.2089660989
,41.53171634,0.49,0.2035054101
,84.51997875,0.25,0.2112999469
,3.53034718,0.83,0.02930188159
,71.75619554,0.25,0.1793904889
,159.8987401,1.70,2.718278582
,8.820719441,0.36,0.03175458999
,34.4300696,0.74,0.254782515
,25.26425284,0.18,0.04547565511
,132.6463661,0.44,0.5836440108
,61.591104,1.55,0.954662112
,2.657513773,0.36,0.009567049583
,5.066897212,1.90,0.09627104703
,1.037067234,0.36,0.003733442042
,69.28624322,0.27,0.1870728567
,7.217145666,0.30,0.021651437
,6.436786258,0.36,0.02317243053
,69.16060332,0.29,0.2005657496
,-0.873047826,0.36,-0.003142972174
,150.7551323,1.09,1.643230942
,67.61095513,0.52,0.3515769667
,0.963010246,0.36,0.003466836886
,0.963010246,0.53,0.005103954304
,-4.043391779,0.36,-0.0145562104
,97.25371336,1.22,1.186495303
,15.55215046,1.54,0.2395031171
,-2.231289856,0.38,-0.008478901453
,4.730069149,0.37,0.01750125585
,-12.00514963,0.37,-0.04441905363
,0.964071553,0.37,0.003567064746
,1.015227665,0.35,0.003553296828
,40.70928402,0.40,0.1628371361
,1.127888765,0.37,0.004173188431
,-4.29667351,0.37,-0.01589769199
,66.85934288,0.86,0.5749903488
,-4.246155988,0.43,-0.01825847075
,142.7813643,0.61,0.8709663222
,-2.400745559,0.36,-0.008642684012
,-4.242720842,0.37,-0.01569806712
,42.60170743,0.34,0.1448458053
,11.10527226,0.37,0.04108950736
,-5.75284385,0.37,-0.02128552225
,2.83792818,0.37,0.01050033427
,-6.400506256,0.37,-0.02368187315
,75.69019892,0.34,0.2573466763
,-1.04171989,0.36,-0.003750191604
,-4.002009779,0.38,-0.01520763716
,-4.83399844,0.37,-0.01788579423
,-2.750747965,0.36,-0.009902692674
,121.2110169,2.98,3.612088304
,2.339412121,0.36,0.008421883636
,2.588167275,0.41,0.01061148583
,0.568967487,0.41,0.002332766697
,13.83733123,0.36,0.04981439243
,125.95398,0.63,0.793510074
,2.765544029,0.36,0.009955958504
,-4.080914933,0.37,-0.01509938525
,64.97246611,1.76,1.143515404
,5.945890508,0.37,0.02199979488
,135.7310659,0.47,0.6379360097
,-6.617177424,0.75,-0.04962883068
,-1.016501083,0.39,-0.003964354224
,50.58845208,0.20,0.1011769042
,6.145152921,0.36,0.02212255052
,7.010352384,0.38,0.02663933906
,-4.912934168,0.36,-0.017686563
,4.038909053,0.36,0.01454007259
,-2.593620774,0.49,-0.01270874179
,-4.601003304,0.36,-0.01656361189
,6.94534634,0.37,0.02569778146
,2.871757976,0.36,0.01033832871
,-0.548151278,0.37,-0.002028159729
,29.89694157,1.09,0.3258766631
,0.277017565,0.37,0.001024964991
,-4.892930975,0.37,-0.01810384461
,-4.464817435,0.39,-0.017412788
,13.50395714,0.53,0.07157097284
,52.91624346,0.44,0.2328314712
,-5.184428876,0.59,-0.03058813037
,4.176305314,0.37,0.01545232966
,-9.119155319,0.22,-0.0200621417
,0.727885939,0.36,0.00262038938
,5.310791359,0.37,0.01964992803
,2.004695942,0.36,0.007216905391
,-3.121407796,0.37,-0.01154920885
,73.75974296,0.21,0.1548954602
,-0.977394553,0.36,-0.003518620391
,-7.197084055,0.35,-0.02518979419
,28.52226256,0.26,0.07415788266
,2.73736498,0.38,0.01040198692
,75.78460743,0.62,0.4698645661
,2.199621064,0.37,0.008138597937
,-3.916530517,0.36,-0.01409950986
,-7.2339392,0.35,-0.0253187872
,-0.83835703,0.37,-0.003101921011
,4.426726534,0.36,0.01593621552
,11.50651888,0.48,0.05523129062
,-0.113860787,0.37,-0.0004212849119
,1.06428265,0.60,0.0063856959
,-3.927387344,,0
,8.168313477,,0
,-1.085437011,0.37,-0.004016116941
-4.91791,80.33886862,0.36,0.289219927
-0.141568,-2.139577717,0.36,-0.007702479781
-2.92973,50.41933026,3.50,1.764676559
,50.41933026,0.37,0.186551522
,-6.98039365,1.22,-0.08516080253
-0.129804,0.076759079,0.36,0.0002763326844
-0.4945,-0.551816268,0.31,-0.001710630431
-0.106275,24.09174206,1.32,0.3180109952
,2.509432512,0.36,0.009033957043
,2.509432512,0.36,0.009033957043
,-3.351728136,0.37,-0.0124013941
,-5.513104185,,0
,2.636684396,0.37,0.009755732265
,17.09681064,0.17,0.02906457809
,3.604841276,0.38,0.01369839685
,0.625886984,0.47,0.002941668825
,0.625886984,0.36,0.002253193142
,-2.700744289,0.47,-0.01269349816
,-2.59365441,0.38,-0.009855886758
,8.211864162,0.38,0.03120508382
,-7.213283533,0.36,-0.02596782072
,4.953780337,0.47,0.02328276758
,15.32131022,0.41,0.0628173719
,-5.736446604,0.38,-0.0217984971
-0.118039,-9.549635644,0.36,-0.03437868832
,-2.594582331,0.37,-0.009599954625
,-5.002569819,0.38,-0.01900976531
,-5.325739803,0.37,-0.01970523727
-0.118039,0.338395738,0.35,0.001184385083
,-14.74602057,0.38,-0.05603487817
,-4.124586074,0.40,-0.0164983443
,-3.911113059,0.75,-0.02933334794
,50.44264163,0.26,0.1311508682
,-6.173866212,0.37,-0.02284330498
,5.621652442,0.37,0.02080011404
,129.2214798,0.76,0.9820832465
-0.118039,-1.983072914,0.36,-0.00713906249
,-4.063999703,0.41,-0.01666239878
,5.084378378,0.37,0.0188122
,0.169114278,0.37,0.0006257228286
,4.493505415,0.36,0.01617661949
,-5.073670387,0.36,-0.01826521339
,-8.427347524,0.35,-0.02949571633
,-1.424701626,0.36,-0.005128925854
-0.106275,0.824127997,0.36,0.002966860789
-0.118039,-3.021369852,0.37,-0.01117906845
-0.129804,2.177546707,0.36,0.007839168145
-0.106275,-1.843726131,0.36,-0.006637414072
-0.118039,5.784587602,0.36,0.02082451537
-0.118039,6.044095738,0.37,0.02236315423
-0.118039,-1.044797739,0.38,-0.003970231408
,2.347341605,0.36,0.008450429778
-0.106275,-7.6040855,0.37,-0.02813511635
,-8.330061609,0.36,-0.02998822179
-0.106275,-1.15140097,0.37,-0.004260183589
-0.118039,-0.704982488,0.37,-0.002608435206
-0.129804,-3.549286901,0.38,-0.01348729022
-0.106275,4.814298569,0.36,0.01733147485
-0.106275,-2.107311868,0.36,-0.007586322725
-0.106275,3.382300987,0.35,0.01183805345
-0.106275,-0.015144613,0.36,-0.0000545206068
-0.129804,2.335230149,0.37,0.008640351551
-0.118039,4.940076428,0.37,0.01827828278
-0.118039,0.174909172,0.37,0.0006471639364
-0.212154,-0.250212662,1.07,-0.002677275483
-0.118039,5.391205197,0.36,0.01940833871
-0.118039,5.391205197,0.36,0.01940833871
-2.29445,-7.079956227,0.22,-0.0155759037
-0.118039,5.15361712,0.36,0.01855302163
-0.106275,-0.602377682,0.36,-0.002168559655
-0.129804,1.762805936,0.36,0.00634610137
-0.118039,1.674143444,0.37,0.006194330743
-0.118039,-4.092436551,0.37,-0.01514201524
-0.118039,-3.351087761,0.36,-0.01206391594
-0.118039,-1.866893774,0.36,-0.006720817586
-0.118039,1.282772288,,0
-0.118039,-0.771596865,,0
-0.118039,-7.858787652,,0
-0.118039,-3.156686789,,0
-0.106275,0.562752846,,0
-0.118039,-5.744906353,,0
-0.129804,-2.210001768,,0
-0.118039,-2.609934641,,0
-0.118039,-4.322196859,,0
-0.118039,10.98051649,,0
-0.118039,3.152040567,,0
-0.141568,3.801773007,,0
-0.118039,-5.025743792,,0
-0.129804,2.058941547,,0
-0.129804,8.145156948,,0
-0.118039,-1.351437008,,0
-0.118039,1.582429415,,0
-0.118039,8.002521458,,0
-0.118039,-3.629638292,,0
-0.106275,-1.633652113,,0
-0.565086,49.59712396,,0
-6.20023,12.61366963,,0
-0.153332,-4.841438472,,0
-0.106275,-3.337572719,,0
-0.270976,15.04783949,,0
-0.106275,0.875124448,,0
-0.365092,8.944871256,,0
-0.118039,4.962969303,,0
-0.188626,9.894132089,,0
-0.106275,3.244155786,,0
-0.129804,7.289963284,,0
-0.118039,-4.79022716,,0
-0.118039,7.246033352,,0
-0.129804,-10.85835173,0.36,-0.03909006623
-0.188626,4.683955205,0.34,0.0159254477
-16.6235,44.24083171,0.28,0.1238743288
-0.118039,0.094160302,0.36,0.0003389770872
-19.9646,75.56149739,0.81,0.6120481289
-0.506264,22.07325604,0.84,0.1854153507
-0.129804,2.160979242,0.37,0.007995623195
-36.1641,53.51144584,0.36,0.192641205
-1.28271,3.531176883,0.28,0.009887295272
-8.41194,17.05676748,0.21,0.03581921171
-31.4231,56.1534158,0.63,0.3537665195
-0.106275,6.166300712,0.36,0.02219868256
-7.54137,76.46918335,0.25,0.1911729584
-9.08251,12.54477723,0.31,0.03888880941
-0.0945105,1.732816053,0.37,0.006411419396
-24.7527,27.0698983,0.44,0.1191075525
-0.376856,10.30572092,0.22,0.02267258602
-0.118039,-1.794556531,0.37,-0.006639859165
-13.6589,46.80783557,0.35,0.1638274245
-0.20039,3.242099286,0.34,0.01102313757
-0.118039,0.572570911,0.36,0.00206125528
-24.5056,56.13741047,0.27,0.1515710083
-0.106275,-1.163458059,0.40,-0.004653832236
-3.58854,10.10674658,0.30,0.03032023974
-0.600379,-5.130954571,0.27,-0.01385357734
-0.118039,-3.934049574,0.35,-0.01376917351
-0.20039,-11.80455905,0.36,-0.04249641258
-6.77669,19.0279628,0.58,0.1103621842
-0.118039,3.890798686,0.37,0.01439595514
-0.141568,-4.437338545,0.37,-0.01641815262
-0.118039,-4.196241197,0.36,-0.01510646831
-0.118039,9.971076447,0.36,0.03589587521
-13.5177,15.72930848,0.18,0.02831275526
-0.118039,6.180228493,0.37,0.02286684542
-0.97684,12.26019906,0.95,0.1164718911
-0.906254,-5.680004086,0.30,-0.01704001226
-0.118039,-7.206098979,0.36,-0.02594195632
-34.4465,44.69786063,0.50,0.2234893032
-0.118039,-3.147441071,0.37,-0.01164553196
-0.118039,0.154221475,0.36,0.00055519731
-0.118039,2.406094454,0.36,0.008661940034
-0.0945105,-2.979406105,0.36,-0.01072586198
-0.0945105,1.027153897,0.36,0.003697754029
-0.129804,2.804140246,0.33,0.009253662812
-0.106275,-0.080384999,0.36,-0.0002893859964
-1.23566,7.866008925,0.32,0.02517122856
-0.118039,-7.933816926,0.36,-0.02856174093
-0.118039,-0.61297633,0.36,-0.002206714788
-0.129804,3.624912624,0.43,0.01558712428
-0.106275,-4.059966252,0.36,-0.01461587851
-0.106275,2.902620965,0.37,0.01073969757
-0.118039,-5.112292173,0.36,-0.01840425182
-0.0945105,-1.885372984,0.36,-0.006787342742
-0.106275,-3.006919213,0.36,-0.01082490917
-0.118039,2.166491471,0.39,0.008449316737
-0.118039,6.609965929,0.37,0.02445687394
-0.106275,1.198215648,0.38,0.004553219462
-0.176861,1.198215648,0.27,0.00323518225
-0.106275,-0.929084828,0.47,-0.004366698692
-0.106275,-8.856325318,0.37,-0.03276840368
-0.106275,-7.07631116,0.36,-0.02547472018
-0.118039,-1.167620329,0.37,-0.004320195217
-0.106275,-3.639881374,0.37,-0.01346756108
-0.106275,1.443654016,0.37,0.005341519859
-0.0945105,-5.022483054,0.36,-0.01808093899
-0.106275,2.473882541,0.36,0.008905977148
-0.0945105,-0.652013201,0.37,-0.002412448844
-0.106275,-3.23709345,0.37,-0.01197724577
-1.0239,19.88738463,0.64,0.1272792616
-0.118039,4.560899191,0.36,0.01641923709
-0.106275,-8.502418495,0.37,-0.03145894843
-0.118039,-13.72747024,0.37,-0.05079163989
-0.0945105,-5.287641619,0.37,-0.01956427399
-0.106275,4.756890552,0.38,0.0180761841
-0.118039,0.702421147,0.36,0.002528716129
-0.106275,-9.110804446,0.38,-0.03462105689
-0.729788,11.44704905,0.62,0.07097170411
-0.118039,2.815718234,0.36,0.01013658564
-0.106275,0.769352183,0.36,0.002769667859
-0.365092,12.90522563,0.36,0.04645881227
-0.106275,-2.715248012,0.37,-0.01004641764
-0.106275,-4.12292735,0.38,-0.01566712393
-11.9295,10.44635611,0.20,0.02089271222
-0.141568,4.384846879,0.36,0.01578544876
-0.0945105,2.690602202,0.37,0.009955228147
-0.0945105,-6.41989778,0.36,-0.02311163201
-0.106275,-0.778995911,0.37,-0.002882284871
-4.41204,-0.846534651,0.26,-0.002200990093
-0.106275,-1.029774488,0.36,-0.003707188157
-0.118039,-0.59494149,0.36,-0.002141789364
-3.02385,27.05877149,0.46,0.1244703489
-0.106275,0.691869821,0.36,0.002490731356
-0.118039,4.833668287,0.37,0.01788457266
-0.118039,-3.225570406,0.37,-0.0119346105
-0.118039,-6.929331188,0.36,-0.02494559228
-0.0945105,2.02379599,0.36,0.007285665564
-0.118039,-0.113080174,0.36,-0.0004070886264
-0.0945105,-0.867894434,0.37,-0.003211209406
-0.106275,-1.962618811,0.36,-0.00706542772
-0.0945105,-0.601386671,0.36,-0.002164992016
-0.188626,7.228428157,0.34,0.02457665573
-0.706259,13.67669671,0.89,0.1217226007
-0.565086,12.91974122,1.26,0.1627887394
-15.9529,20.97126121,0.57,0.1195361889
-0.129804,1.810373672,0.26,0.004706971547
-0.153332,2.4957942,0.49,0.01222939158
-0.129804,-5.026800081,0.38,-0.01910184031
-0.118039,-1.99690985,0.37,-0.007388566445
-9.87072,15.5612977,0.46,0.07158196942
-0.118039,1.692387259,0.36,0.006092594132
-0.106275,-7.992597019,0.36,-0.02877334927
-3.1062,6.789872172,0.41,0.02783847591
-0.129804,-1.416673673,0.41,-0.005808362059
-0.141568,-4.097964503,0.40,-0.01639185801
-0.118039,2.769900422,0.36,0.009971641519
-3.16502,59.63878541,0.26,0.1550608421
-0.129804,2.041526881,0.37,0.00755364946
-0.153332,-6.760756899,0.36,-0.02433872484
-0.106275,1.875633336,0.35,0.006564716676
-0.118039,7.660458318,0.37,0.02834369578
-0.106275,3.455123605,0.37,0.01278395734
-27.882,39.52454326,0.31,0.1225260841
-0.141568,-4.526032299,0.36,-0.01629371628
-2.5415,18.1264529,0.17,0.03081496993
-0.118039,-3.746076919,0.36,-0.01348587691
-0.129804,9.912180516,0.37,0.03667506791
-3.35325,33.52311232,0.40,0.1340924493
-0.106275,5.832250944,0.38,0.02216255359
-0.118039,-0.643026778,0.36,-0.002314896401
-0.118039,-2.942026937,0.36,-0.01059129697
-0.118039,2.892547945,0.35,0.01012391781
-0.118039,-3.674545948,0.42,-0.01543309298
-0.118039,2.876161971,0.36,0.0103541831
-0.118039,1.482155905,0.37,0.005483976849
-0.776845,8.704351841,0.45,0.03916958328
-0.118039,-4.159774732,0.36,-0.01497518904
-0.106275,7.783667525,0.37,0.02879956984
-32.1878,52.69307977,0.34,0.1791564712
-0.118039,-0.414403677,0.36,-0.001491853237
-0.118039,-0.414403677,0.36,-0.001491853237
-0.118039,5.875699102,0.36,0.02115251677
-0.141568,3.82186307,0.37,0.01414089336
-2.24739,6.519135716,0.29,0.01890549358
-0.106275,1.364117296,0.37,0.005047233995
-0.129804,-4.227082939,0.36,-0.01521749858
-0.118039,-1.876869003,0.36,-0.006756728411
-0.129804,-8.102776403,0.36,-0.02916999505
-0.118039,-8.102776403,0.36,-0.02916999505
-0.0945105,-8.102776403,0.36,-0.02916999505
-0.106275,-0.452133602,0.36,-0.001627680967
,3.124684912,0.34,0.0106239287
-0.118039,6.157328156,0.34,0.02093491573
-0.106275,18.60631106,0.34,0.0632614576
-0.0945105,3.468998539,0.34,0.01179459503
-0.0945105,0.332904901,0.34,0.001131876663
-0.106275,-0.954758414,0.34,-0.003246178608
-0.0945105,4.325565026,0.34,0.01470692109
-0.0945105,8.378547733,0.34,0.02848706229
-0.0945105,-9.999337713,0.34,-0.03399774822
-0.0827461,0.880356228,0.34,0.002993211175
-0.0945105,-4.901141313,0.34,-0.01666388046
-0.106275,-3.493712826,0.35,-0.01222799489
-0.118039,5.950682776,0.34,0.02023232144
-0.0945105,7.794808346,0.37,0.02884079088
-0.0945105,-8.016406595,0.50,-0.04008203298
-0.0945105,-2.175218504,0.34,-0.007395742914
-0.0827461,-2.746232004,0.34,-0.009337188814
-0.0827461,15.14418996,0.34,0.05149024586
0.00E+00,7.990362608,0.34,0.02716723287
-0.0709817,5.131229439,0.34,0.01744618009
-0.106275,5.231187609,0.34,0.01778603787
-0.106275,6.58151855,0.34,0.02237716307
-0.0945105,-0.020519503,0.34,-0.0000697663102
-0.0827461,1.273542508,0.34,0.004330044527
-0.0945105,1.922530079,0.34,0.006536602269
-0.106275,-13.55167397,0.34,-0.0460756915
-0.118039,2.93172362,0.34,0.009967860308
-0.0945105,16.00533307,0.34,0.05441813244
-0.0709817,7.423494614,0.34,0.02523988169
-0.106275,-0.936921578,0.34,-0.003185533365
-0.0945105,6.200593995,0.34,0.02108201958
-0.0709817,-5.308882764,0.34,-0.0180502014
-0.0827461,1.747003148,0.34,0.005939810703
-0.106275,8.707129644,0.34,0.02960424079
-0.106275,8.75359446,0.33,0.02888686172
-0.0945105,8.631635965,0.34,0.02934756228
-0.0945105,0.515212228,0.33,0.001700200352
-0.106275,-3.880077959,0.34,-0.01319226506
-0.106275,7.268605341,0.33,0.02398639763
-0.106275,3.232344,0.34,0.0109899696
-0.141568,1.085914333,0.34,0.003692108732
-0.0945105,-10.49109834,0.34,-0.03566973436
-0.0945105,-1.47841863,0.34,-0.005026623342
-0.0945105,-5.719696765,0.34,-0.019446969
-0.0827461,4.230626975,0.34,0.01438413172
-0.0827461,1.058880848,0.34,0.003600194883
-0.0945105,-3.380527017,0.34,-0.01149379186
-0.0945105,-9.65473111,0.33,-0.03186061266
-0.106275,-12.43691899,0.34,-0.04228552457
-0.0827461,-2.321085638,0.34,-0.007891691169
-0.0827461,-0.453035775,0.34,-0.001540321635
-0.0709817,-4.890769477,0.34,-0.01662861622
-0.106275,-5.275582739,0.34,-0.01793698131
-0.0945105,3.461007455,0.34,0.01176742535
-0.0945105,-0.653519802,0.34,-0.002221967327
-0.0827461,8.233499985,0.34,0.02799389995
-0.0945105,5.972821604,0.33,0.01971031129
-0.0945105,0.847395378,0.33,0.002796404747
-0.106275,-0.772166499,0.33,-0.002548149447
-0.118039,5.37285846,0.34,0.01826771876
-0.0827461,-0.008416247,0.33,-0.0000277736151
-0.106275,7.068252718,0.33,0.02332523397
-0.0945105,5.452210585,0.34,0.01853751599
-0.106275,-4.081549008,0.33,-0.01346911173
-0.0827461,-0.09556754,0.34,-0.000324929636
-0.0945105,-5.558873253,0.34,-0.01890016906
-0.0945105,-5.558873253,0.34,-0.01890016906
-0.0945105,-13.69155225,0.33,-0.04518212243
-0.0945105,-3.48086602,0.33,-0.01148685787
-0.0945105,2.049367931,0.34,0.006967850965
-0.106275,2.613581954,0.34,0.008886178644
-0.0945105,-10.00211636,0.33,-0.03300698399
-0.0827461,-3.564794506,0.34,-0.01212030132
-0.0945105,-6.223045513,0.34,-0.02115835474
-0.0945105,3.278385987,0.33,0.01081867376
-0.118039,-2.156239453,0.34,-0.00733121414
-0.0945105,1.130448318,0.34,0.003843524281
-0.141568,-5.252915174,0.34,-0.01785991159
-0.0827461,6.670942457,0.34,0.02268120435
-0.0827461,-6.915373588,0.34,-0.0235122702
-0.0945105,-2.527557977,0.34,-0.008593697122
-0.0827461,-11.09412112,0.34,-0.03772001181
-0.106275,1.527719837,0.34,0.005194247446
-0.106275,0.421431457,0.34,0.001432866954
-0.0827461,8.237068271,0.34,0.02800603212
-0.106275,-3.444124856,0.34,-0.01171002451
-0.0945105,-14.02578095,0.34,-0.04768765523
-0.0827461,2.631927531,0.34,0.008948553605
-0.106275,4.245629691,0.34,0.01443514095
-0.0945105,-1.345840908,0.34,-0.004575859087
-0.0945105,-4.862034406,0.35,-0.01701712042
-0.0945105,8.128414757,0.37,0.0300751346
-0.0945105,-0.59081521,0.35,-0.002067853235
-0.0945105,-9.79547542,0.36,-0.03526371151
-0.0945105,-9.79547542,0.35,-0.03428416397
-0.106275,-7.369378153,0.34,-0.02505588572
-0.106275,-7.369378153,0.35,-0.02579282354
-0.0945105,-10.83261646,0.36,-0.03899741926
-0.0827461,6.180276271,0.35,0.02163096695
-0.0945105,-2.623444882,0.35,-0.009182057087
-0.0945105,5.967180534,0.34,0.02028841382
-0.0827461,-5.107768859,0.34,-0.01736641412
-0.106275,-10.10580623,0.35,-0.03537032181
-0.0827461,1.345869248,0.34,0.004575955443
-0.0827461,-0.97739981,0.34,-0.003323159354
-0.129804,-3.073942598,0.34,-0.01045140483
-0.106275,8.735325454,0.34,0.02970010654
-0.0709817,11.01304095,0.35,0.03854564333
-0.106275,-6.722133837,0.34,-0.02285525505
-0.0827461,1.881842515,0.33,0.0062100803
-0.0945105,-4.925870235,0.33,-0.01625537178
-0.0827461,3.503976823,0.32,0.01121272583
-0.0945105,-2.025392457,0.32,-0.006481255862
-0.0945105,-6.137143632,0.33,-0.02025257399
-0.0827461,-2.556409981,0.33,-0.008436152937
-0.106275,4.33935792,0.32,0.01388594534
-0.0945105,9.326801031,0.33,0.0307784434
-0.0945105,-7.764774157,0.32,-0.0248472773
-0.106275,278.2604039,0.49,1.363475979
-0.0945105,358.9084064,0.64,2.297013801
-0.0827461,262.6659375,0.76,1.996261125
-1.00037,143.3015712,1.23,1.762609326
-2.89444,103.7135723,1.69,1.752759372
,89.87608615,1.45,1.303203249
-2.88267,85.86393078,1.72,1.476859609
-1.15331,141.2642348,1.14,1.610412277
-1.09448,160.7325545,0.89,1.430519735
-0.68273,122.2839941,1.03,1.259525139
-1.21213,300.4725169,0.32,0.9615120541
-0.588615,204.986584,0.39,0.7994476776
-2.29445,314.8856117,0.72,2.267176404
-2.61209,307.9132085,0.74,2.278557743
-0.988605,204.4499377,0.55,1.124474657
-1.74153,321.5838615,0.53,1.704394466
-1.43565,331.4018238,0.46,1.524448389
-1.14154,239.5200348,0.50,1.197600174
-1.41212,266.7854766,0.51,1.360605931
-1.96505,207.0205365,0.78,1.614760185
-1.44742,332.8171306,0.52,1.730649079
-1.44239,328.7599897,0.49,1.61092395
-1.33181,330.5713972,0.42,1.388399868
-1.71062,316.1007321,0.58,1.833384246
-1.45416,332.7287846,0.52,1.73018968
-1.40004,335.4363952,0.44,1.475920139
-1.98591,351.714431,0.55,1.934429371
-0.0424309,8.842890532,0.37,0.03271869497
-1.88238,325.6731742,0.48,1.563231236
-1.63062,68.29617057,3.17,2.164988607
-1.23299,-0.962162598,0.29,-0.002790271534
-0.9977,312.8571646,0.53,1.658142972
-0.0236078,-10.12465853,0.37,-0.03746123656
-1.91532,49.54180473,1.32,0.6539518224
-1.21887,90.45036421,2.70,2.442159834
-1.99061,42.82258196,0.44,0.1884193606
-1.41181,43.26550457,1.56,0.6749418713
0.00E+00,5.297604307,0.36,0.01907137551
-0.0918413,16.41486197,0.46,0.07550836506
-0.0753712,-0.787899731,0.41,-0.003230388897
-0.058901,-1.521540485,0.36,-0.005477545746
-0.0494895,-2.465501822,0.37,-0.009122356741
-0.040078,-18.50260267,0.37,-0.06845962988
-0.040078,-3.044444552,0.37,-0.01126444484
-0.058901,-19.25993338,0.38,-0.07318774684
-0.0353722,-9.761206053,0.37,-0.0361164624
-0.0306665,-9.814908728,0.39,-0.03827814404
-0.0353722,-9.297129898,0.36,-0.03346966763
-0.021255,0.557074643,0.36,0.002005468715
-0.0236078,-12.26015064,0.36,-0.0441365423
-0.0236078,9.732046711,0.36,0.03503536816
-0.0377251,-14.36001013,0.36,-0.05169603647
-0.0236078,-3.214417297,0.36,-0.01157190227
-0.0941942,-13.28841481,0.39,-0.05182481776
-0.101253,29.42745703,0.87,0.2560188762
-0.0800769,6.259713906,0.48,0.03004662675
-0.021255,-15.00948282,0.36,-0.05403413815
-1.0377,170.8924716,0.66,1.127890313
-0.73653,151.2601424,0.72,1.089073025
-3.0447,29.08857651,0.55,0.1599871708
-1.4918,290.399524,0.58,1.684317239
-3.78351,155.3777562,1.39,2.159750811
-1.43534,199.5263997,0.94,1.875548157
-0.995347,243.4963656,0.47,1.144432918
-0.562417,151.6064314,1.22,1.849598463
-2.56001,93.20389258,2.29,2.13436914
-0.767118,90.63366047,2.09,1.894243504
-0.802411,281.9168398,0.36,1.014900623
-1.05887,178.2713196,1.20,2.139255835
-0.618886,57.97525784,1.52,0.8812239192
-0.701237,79.19928726,3.03,2.399738404
-0.865939,90.33387563,1.04,0.9394723066
-0.72006,85.56362349,1.21,1.035319844
-0.395363,45.81693694,2.35,1.076698018
-0.0353722,-7.388770754,0.38,-0.02807732887
-0.256543,46.27509319,1.93,0.8931092986
-0.0753712,0.954427592,0.70,0.006680993144
-0.0965471,18.5593172,0.88,0.1633219914
-0.0824298,35.82351837,0.63,0.2256881657
-0.0730183,12.64150698,0.40,0.05056602792
-0.0612539,-15.9167628,0.44,-0.07003375632
-0.771823,82.67692105,1.44,1.190547663
-0.0330194,-11.90022,0.36,-0.042840792
-0.889467,212.6893703,0.46,0.9783711034
-0.0612539,-12.87316473,0.39,-0.05020534245
-0.562417,56.49961037,0.86,0.4858966492
-0.0659597,-7.712814067,0.37,-0.02853741205
-2.04708,186.9824611,1.10,2.056807072
-0.0377251,-10.13706312,0.36,-0.03649342723
-0.595357,114.6399185,0.99,1.134935193
-0.0565482,-14.3228344,0.37,-0.05299448728
-0.291836,73.7913166,1.24,0.9150123258
-0.298895,40.70595589,0.92,0.3744947942
-0.0330194,-13.4151063,0.36,-0.04829438268
-1.23299,50.64690049,3.18,1.610571436
-0.0259607,-0.813509643,0.36,-0.002928634715
-0.0753712,21.99208591,0.43,0.09456596941
-1.72945,27.18492683,0.58,0.1576725756
-2.37178,148.1905742,0.95,1.407810455
-0.0565482,-8.814329284,0.36,-0.03173158542
-0.430656,125.0192665,0.67,0.8376290856
-0.0283136,0.786863247,0.35,0.002754021365
-0.0283136,1.874807452,0.35,0.006561826082
-0.040078,-11.08785909,0.35,-0.03880750682
-0.0236078,-2.803852493,0.35,-0.009813483726
-0.0306665,6.004432096,0.34,0.02041506913
-0.0471366,-1.829721404,0.35,-0.006404024914
-0.021255,-2.46200284,0.36,-0.008863210224
-0.021255,-2.46200284,0.35,-0.00861700994
-0.0259607,-13.33217376,0.35,-0.04666260816
-0.0259607,-13.33217376,0.35,-0.04666260816
-0.0259607,-9.555366366,0.35,-0.03344378228
-0.058901,11.95700677,0.35,0.0418495237
-0.0236078,4.379115592,0.34,0.01488899301
-0.0306665,-6.130790823,0.35,-0.02145776788
-0.021255,-2.902674672,0.36,-0.01044962882
-0.0306665,-14.28294025,0.35,-0.04999029088
-0.0236078,-3.790875603,0.35,-0.01326806461
-0.0259607,-5.703530623,0.35,-0.01996235718
-0.021255,-9.787671939,0.35,-0.03425685179
-0.0236078,0.950293999,0.34,0.003230999597
-0.675355,55.36925981,1.29,0.7142634515
-0.0353722,4.126719626,0.36,0.01485619065
-0.101253,-21.28918826,0.55,-0.1170905354
-0.0259607,-1.220777895,0.36,-0.004394800422
-0.13184,-24.64316953,0.27,-0.06653655773
-0.0236078,-10.77433341,0.36,-0.03878760028
-0.0706654,-29.51535777,0.37,-0.1092068237
-0.0259607,2.633782788,0.36,0.009481618037
-0.0777241,29.03217951,0.38,0.1103222821
-0.0236078,-7.784275167,0.36,-0.0280233906
-0.0447838,-11.50053511,0.36,-0.0414019264
-0.0236078,1.05764557,0.36,0.003807524052
-0.0330194,4.012670193,0.36,0.01444561269
-0.0306665,-3.351342537,0.36,-0.01206483313
-0.0612539,-10.87339318,0.37,-0.04023155477
-0.0306665,-1.532998598,0.36,-0.005518794953
-0.134193,13.37877985,0.24,0.03210907164
-0.0283136,0.120534952,0.36,0.0004339258272
-0.0683126,23.97010529,0.36,0.08629237904
-0.0377251,-6.909792477,0.36,-0.02487525292
